673,Andeee,Santa Ana,86919
471,Mata,Al Misrākh,21640
469,Lanny,La Victoria,52534
563,Iolanthe,Chimbas,15622
983,Cecil,Burrel,65499
921,Kirsten,Loma,81818
851,Pietra,Daet,49824
316,Bartolomeo,Santa Cruz da Graciosa,60860
416,Orazio,Oslo,80955
609,Silvio,Mae Lao,43429
579,Raynard,Qabqir,72890
742,Galven,Teseney,61712
573,Zak,Manzurka,80024
730,Gabi,Pandean,13046
329,Joshua,Klokot,54946
775,Abramo,Rājbirāj,94476
649,Wash,Mehtar Lām,21700
842,Dulcia,Šibenik,52830
364,Heinrick,Wenxi,39844
531,Courtenay,Bécancour,10491
242,Antonia,Gharyan,63205
948,Danna,Suqin Huimin,18436
54,Savina,Tangfang,83483
728,Innis,Clarence-Rockland,93931
774,Elisabeth,Tāklisah,28564
811,Konstantine,Trảng Bàng,75126
959,Silvana,Toulouse,17428
453,Kingsly,Petrovsk,38245
657,Rikki,Mallow,55868
460,Abner,San Nicolas,12789
101,Jaquenette,Staryy Krym,71465
178,Cull,Idrija,84405
925,Thurston,Curuzú Cuatiá,61347
885,Jamal,Linggou,81461
48,Reilly,Jiuguan,90398
769,Bevan,Skomlin,21987
285,Caitrin,Bularit,10830
155,Marin,Zyukayka,41596
555,Drusilla,Předklášteří,48598
801,Byrom,Pridonskoy,96330
471,Lisa,Cafarnaum,98237
392,Fabio,Dagui,77035
179,Shirleen,Sutton,78164
916,Katherina,Koronadal,92799
417,Balduin,Juzhen,89055
72,Henrietta,Barreiras,41646
930,Evangeline,Inhambane,39469
918,Patin,Glugu,77168
318,Tobias,Gonābād,56021
243,Alister,Sibucao,94423
533,Bride,Paghmān,93168
748,Jana,Latacunga,67229
41,Lief,Tver,69489
736,Lydia,Santa Cruz,60267
99,Cordy,Longaví,30888
842,Brant,Cuiabá,21649
485,Joan,Lebane,38342
630,Cedric,København,57515
502,Mathian,Skene,49904
265,Glori,Boto,41131
112,Myrvyn,Jishu,87249
90,Dietrich,Birowo,79972
740,Consuela,Gaoshibei,49937
655,Courtnay,Las Tejerías,77672
164,Foster,Fuan,20490
944,Judy,Asenovgrad,11313
340,Ashton,Phú Khương,67104
166,Enrico,Cañuelas,82930
694,Alie,Abidjan,24664
699,Ronna,Lófos,30739
775,Camilla,Färjestaden,69285
759,Gianni,Gapyeong,13449
855,Keven,Halmstad,46344
841,Jeannine,Al Khāniq,18763
793,Lucienne,Lysice,68389
770,Drucy,Villa Bisonó,98690
932,Jasen,Stockholm,11915
152,Mireille,Erími,13372
638,Bobine,Khalīlābād,19527
72,Filide,Unquillo,78023
92,Sayre,Daxi,80209
828,Perle,Étampes,74925
112,Milton,Łazy,67644
351,Stevena,Wichita,46783
976,Alphonso,Makale,71700
737,Jere,Rawson,66728
161,Drucill,Abashiri,55971
628,Jemie,Fiorentino,30317
387,Vassily,Sugihan,75078
556,Dione,Taling Chan,77222
889,Idaline,Huji,86479
556,Dolley,Natu,74648
888,Veda,Taitung City,79995
485,Daile,Temizhbekskaya,32493
898,Cathie,Fatufaun,31110
283,Karly,Sibayo,96331
914,Krissie,Sandweiler,29968
201,Olivie,Xi’an,40181
258,Cybill,Jiazi,53652
914,Gery,Randuboto,80637
230,Nolly,Port-Vila,50810
463,Etta,Little Rock,72516
921,Dania,Hacienda La Calera,63522
905,Bernice,Kanye,29223
931,Bernetta,São Paio de Gramaços,66604
229,Cecily,Fiais da Beira,82123
471,Marne,Świnna,26463
582,Sherwynd,Konkwesso,98579
936,Jennee,Meylan,54255
219,Clair,Standerton,12689
607,Kettie,Olonets,71758
942,Freeman,Ciudad Darío,30008
426,Shaughn,Toyokawa,77931
959,Damara,Chakou,88586
815,Jed,Iwkowa,51658
55,Vi,Liberia,26450
810,Leonhard,Shouxihu,63243
811,Ker,Malita,62139
12,Mabel,Cibeureum,12500
198,Camilla,Siukh,66337
451,Minnaminnie,Az Zāhir,90181
697,Willabella,Kupino,83949
588,Devlin,Guanban,44434
175,Phineas,Poços de Caldas,97133
107,Julissa,Pukekohe East,16494
787,Nelie,Tuodian,50035
838,Faythe,Úštěk,76376
427,Tatiana,Jinzhou,99119
736,Amandie,Uubulan,52256
516,Harper,Nowosielce-Gniewosz,68396
786,Mitchael,Meaux,26696
123,Ernest,La Rioja,58247
418,Bill,Gonghe,15813
475,Tadd,Lere,97547
242,Vernen,Trondheim,86722
581,Fawn,Łąka Prudnicka,65516
624,Perice,Bengubelan,30892
672,Guglielma,Ngarus,62219
930,Morly,Radom,46089
540,Dalila,Bourg-en-Bresse,66387
528,Steffen,Cigalontang,48689
741,Boone,Bayrachky,82476
408,Sheelagh,Laguna Limpia,18947
5,Heidie,Renfrew,14198
668,Lorrayne,Pitalito,10743
976,Ashien,Villa Nueva,39779
890,Lenard,Sepekov,33819
517,Olga,Dongting,68868
282,Sophi,Khirdalan,13253
248,Aguste,Zhoukou,12848
914,Karalynn,Tartu,86768
970,Thor,Ponta Grossa,95501
524,Gayle,Cascais,36706
350,Enid,Celestynów,37614
949,Daffy,Xinsheng,80344
768,Dita,Säffle,56552
817,Gusella,Obita,51598
522,Carmelina,Lantian,92952
639,Palmer,Pajé,31090
539,Conrad,Kissimmee,99142
834,Shel,Rushankou,28385
757,Bronson,Zaporizhzhya,89151
841,Horatius,Sacotes,62967
261,Sigismondo,Chroustovice,76478
554,Kingsley,Qeshm,70335
91,Sven,Opatowiec,51918
83,Jaime,San Rafael,50474
497,Innis,Toksovo,83349
299,Kahlil,Vlachovo Březí,84186
539,Romonda,Mboursou Léré,36467
797,Chic,Umeå,88549
34,Kynthia,Eldoret,85575
552,Saunders,Vagos,67620
620,Roobbie,Xinzhaiping,61619
101,Dael,Foz Giraldo,47729
539,Evangelia,San Francisco de Macorís,26592
880,Jodie,Lusigang,96667
157,Sinclair,Fangshan,25613
836,Jenna,Ciputih,80036
36,Brody,Dolní Sloupnice,99508
670,Antonetta,Longwantun,47451
311,Rebe,Sapouy,45872
982,Lib,Charleville-Mézières,87509
307,Genvieve,Siao,22940
121,Eldon,Cieplice Śląskie Zdrój,81852
782,Benedicta,Handaqi,90818
396,Roberta,Spokoynaya,38627
14,Wallie,Huskvarna,49422
882,Yoshiko,General Galarza,30397
766,Mersey,Masachapa,47702
263,Jilleen,Gręboszów,24521
97,Idelle,Sitovo,47285
930,Ernaline,Alajuela,14371
831,Misha,Raglan,41150
940,Vivyanne,Örebro,55740
773,Nikos,Modosinal,94752
484,Beitris,Fatufeto,29718
593,Jerri,Krásná Lípa,63401
911,Ira,Kharovsk,38242
880,Lodovico,Saint-Pierre,58574
86,Carita,Antagan Segunda,22491
505,Eloisa,Nankang,61395
408,Noby,Kovači,63335
64,Hebert,Zhdanov,76382
718,Sanders,Mataraben,99281
273,Wendi,Tortosa,90654
173,Celestyn,Shaxi,40031
336,Rachael,Hongtian,37045
315,Raleigh,Sandefjord,99732
496,Maurise,Pomacanchi,56933
148,Byron,Katunayaka,56135
609,Blanch,A Yun Pa,24733
752,Bren,Enonkoski,69535
186,Linc,Huidong,75646
324,Lorrie,Kunjāh,20813
712,Neel,Limbuhan,66758
919,Tate,Saijō,73199
78,Quincey,Soubré,14548
933,Kathye,Languan,65340
220,Nicola,Thành Phố Ninh Bình,62525
660,Guillermo,Wieczfnia Kościelna,90643
41,Ethelind,Metlika,61314
499,Hillard,Sloboda,66378
658,Cecile,Kamo,49620
260,Berkeley,Tualangcut,98434
237,Jorgan,Rancho Nuevo,73730
21,Verena,Pashkovskiy,22348
30,Laurent,Dambulla,45437
404,Beverlie,Shostka,76161
572,Maighdiln,Zhangjiahe,23309
23,Grant,Val-de-Reuil,50179
145,Diann,Portet-sur-Garonne,43821
918,Kimmy,Mosrentgen,21933
635,Godfry,Dianbu,58455
778,Elysee,Horka nad Moravou,77882
175,Ogdon,Borgustanskaya,70409
752,Helenka,Píritu,64980
311,Rickie,Pag-asa,83767
598,Ardyth,Daqiao,52025
240,Gerti,Shaydon,24842
115,Noah,Gorē,78967
178,Kennan,Abengourou,78182
224,Sandye,Ponce,89933
276,Maren,Mporokoso,99352
325,Imogen,Zubin Potok,90017
643,Payton,Shuangxi,98484
334,Jamison,Matnah,63910
898,Dianna,Kamenický Šenov,80275
2,Zach,Nova Olímpia,27873
629,Andreana,Bangeran,39788
874,Stanislas,Quimper,78113
344,Winfield,São Manços,44027
106,Stanislas,Wonocoyo Utara,78715
826,Shepperd,Alue Glumpang,19807
775,Prescott,Penedono,47906
956,Helaina,Fabianki,40566
576,Pierce,San Antonio Huista,19193
554,Talyah,La Caleta Culebras,58734
425,Magnum,Yinjiang,81846
666,Valentine,Pushkino,20785
176,Kessia,Ágios Geórgios,94813
407,Beau,Puning,54171
373,Evvie,Timrå,53177
159,Saxon,Tuen Mun,36199
708,Tris,Chenqiao,54364
292,Maxine,København,98735
480,Fowler,Cibitungmasjid,63695
788,Rozina,El Fasher,31576
622,Jackelyn,São João del Rei,62342
396,Ellette,Ruihong,31525
589,Dermot,Xindong,52733
707,Roddie,Bañga,80639
885,Elaina,Lembung Tengah,33193
680,Grace,Shiyun,76742
918,Herc,Liufu,76740
188,Garold,Lisewo,13657
374,Atalanta,Saguenay,71523
1000,Winni,Liuhuang,18323
58,Dillie,Pigeiros,44932
550,Gunner,Mabini,30677
410,Franciskus,Yefremov,98922
123,Riannon,Dzhiginka,25891
51,Thorndike,Man,69853
280,Roslyn,Jargalant,31965
208,Daloris,Kasina Wielka,40790
393,Katina,Zrenjanin,24178
578,Fernando,Bonavista,50441
676,Allyson,Zhigong,20570
268,Abigail,Kolpny,30228
87,Thorin,Ngurore,72971
789,Lise,El Plan,58526
606,Evelina,Ed,39176
464,Burton,Qinjia,47608
939,Noellyn,Tanushimarumachi-toyoki,83857
869,Gallagher,Libacao,59657
902,Melisenda,Sukorejo,46999
488,Ursola,Mufushan,91583
114,Filberto,Sankeyushu,89945
259,Orly,Paldiski,35401
682,Merrel,Sinabang,91405
60,Isadora,Xuân Trường,91298
137,Patricio,Barra,90308
706,Huey,Kembé,84096
978,Ronni,Xiyang,83027
413,Saudra,Zbrosławice,51444
720,Lishe,Shimeitang,37746
345,Brandtr,Mendī,39529
33,Jude,Al Qanāwiş,56899
624,Gussie,Shimen,81575
566,Laird,San Miguel,42402
402,Gisella,Bratislava,71115
748,Denys,Vaasa,33985
70,Hillie,Roma,19288
499,Margaret,Grodków,86295
966,Jessalyn,Dapitan,10217
1000,Devlin,Manzanillo,93064
997,Ola,Vesele,80477
583,Charmion,Delaware,81954
182,Melisandra,Kalaxilike,90018
212,Anabel,Sunja,48388
896,Eimile,Rząśnik,78311
260,Gawain,Swellendam,45799
617,Kane,Izumiōtsu,22339
807,Ashton,Kuźnia Raciborska,25081
1,Harris,Ankazoabo,20395
94,Nat,Pancol,36506
601,Forrester,Kanshi,13936
265,Corenda,Rosebank,69074
497,Hillie,Venâncio Aires,73702
381,Tabor,La Bélgica,92851
22,Emmi,Portland,21757
555,Wini,Soe,63584
750,Ricardo,Proástion,75948
60,Yurik,Jiaodai,66481
80,Lissi,Bene 'Ayish,35717
574,Wells,Sanbaishan,22946
933,Giorgio,Enhtal,42200
438,Milton,Cabeço de Vide,54253
966,Netty,Kufayrit,22820
317,Sherm,Maguwon,81094
449,Charlotte,Badāmā,58443
661,Mannie,Concordia,68269
290,Yank,Altay,47024
665,Hestia,Skhodnya,80368
952,Ollie,Nice,57487
757,Tasia,Yangcheng,27872
972,Lilllie,Sukolilo,54705
220,Brig,Guaitarilla,15415
147,Alanna,Zhelin,77630
790,Annmaria,Antonio Toledo Corro,78008
240,Nickie,Duodaoshi,50365
317,Rutherford,Bloomington,16952
488,Alida,Sidomulyo,66968
237,Maryanne,Huyu,25363
265,Nollie,Kot Sultan,65386
485,Gayleen,Mikstat,41436
330,Marlo,Vrýses,80926
704,Blakeley,Bujanovac,90162
466,Micah,Watangan,61254
188,Clem,Kisanga,39785
512,Merry,Shangtang,98894
595,Harbert,Thị Xã Lai Châu,50375
828,Kermy,Ikšķile,14550
655,Florry,Jinli,37937
419,Ruthie,Amancio,52876
988,Osmund,Rimbo,75316
357,Joscelin,Tawangsari,92266
516,Haze,Chãos,36421
869,Julianna,Huping,69074
858,Hetty,East Angus,12402
318,Shurwood,Munjungan,34563
488,Gail,Yafran,62064
35,Othilia,Miskolc,87826
701,Ewell,Panglanjan,22915
619,Aharon,Pesqueira,12727
237,Griffy,Balongmulyo,82989
139,Sebastiano,Puerres,66357
262,Noak,Miskolc,34976
874,Michal,Dongdu,33245
617,Sharity,Jīwani,59349
887,Lita,Agía Varvára,28166
831,Ahmad,København,98033
866,Vanessa,Xianyi,98298
914,Johannes,Emin,71742
586,Kore,Pantai Ceuremen,15534
713,Nicholle,Kakuda,72373
809,Delbert,Mizque,88917
704,Noble,Mora,56325
332,Elsinore,Balogo,79223
213,Daron,Bail,12303
972,Jabez,Santo Tomás,22774
311,Franni,Erdenet,50544
66,Willis,Qiling,50966
813,Dionne,Kandangan,90932
283,Jere,Shypyntsi,54510
793,Emelina,Shimanovsk,23120
12,Sharline,Itumbiara,82477
967,Rick,Belajen,93798
207,Bev,Cilangkap,62140
430,Remy,Khvalovo,25428
358,Sheri,Hyrynsalmi,60288
653,Gonzales,San Fernando,23179
60,Ilsa,Palmira,91671
201,Ruby,Denov,17308
163,Bessy,Qagan Obo,98348
469,Curtis,Maindang,61937
490,Clim,Montijo,60730
544,Orsa,Cergy-Pontoise,74506
923,Creighton,Artesianón,16952
352,Shawn,Namibe,70969
407,Teodoor,Hamilton,98649
988,Glynis,Nowshahr,88627
755,Vincents,Zhongzhai,61725
743,Berny,Tongzi,30965
227,Thorndike,Xiangyangpu,92425
825,Pearl,San José,57817
370,Kennith,Liandu,81989
132,Yettie,Ciomas,18514
426,Burnaby,Gonghe,53567
620,Von,Alhambra,32196
268,Ronny,Venda do Valador,68877
497,Thedric,Ban Mo,91322
803,Arte,Sambong,90297
972,Gussi,Bruxelles,19075
543,Orv,Jiaoyang,81748
137,Dev,Lafiagi,95926
628,Eudora,Changxing,54926
520,Burtie,Sant Julià de Lòria,81728
611,Ethelin,El Almendro,43664
833,Di,Chambar,18106
972,Pall,Syevyerodonets’k,23596
69,Beatrisa,Sam Khok,66146
15,Ev,Shah Alam,48581
348,Collin,Ordos,24023
218,Dore,Batuna Satu,40496
958,Faustina,Hulitu,67383
55,Sebastiano,Luqiao,25763
984,Georgine,Honglan,20274
568,Liane,Anshan,13697
978,Dugald,Wengtian,26921
717,Ralina,Bang Krathum,49911
428,Agace,Rabāţ-e Sangī-ye Pā’īn,56798
5,Chickie,Koslan,52886
391,Ruby,Pitrufquén,34817
856,Cory,Aguas Verdes,57728
80,Vevay,Karangori,29755
376,Vernor,Pericik,59010
224,Wileen,Metahāra,74577
29,Carter,Nangxian,57031
88,Hubey,Quintão,26924
672,Clarabelle,Neuquén,97681
187,Candice,Mętków,28508
860,Deeann,Gornorechenskiy,63446
511,Jason,‘Afrīn,85148
121,Haywood,Port Antonio,45207
847,Abran,Saint-Pierre,97109
453,Cynde,Fílla,36822
897,Cinderella,Rtyně v Podkrkonoší,50868
326,Bethena,Kuzhu,23867
395,Antonio,Lengshui,80298
245,Chadd,Suicheng,29514
313,Anabella,Sosnovoborsk,93933
492,Hubey,Ouidah,31939
188,Clarke,San Ramón de la Nueva Orán,23161
987,Jerrie,Mexico,20250
670,Ollie,Xiabaishi,31718
945,Engracia,Huanggang,74680
685,Tymothy,Göteborg,47847
556,Abby,Bambous Virieux,23479
970,Dmitri,Wañgan,58971
430,Wendye,Dalian,29163
838,Tadeas,San Cristóbal,82018
497,Charlean,Timaru,62063
22,Karia,Rungis,23344
114,Janka,Cacaopera,94824
755,Cassi,Vilémov,39469
934,Craggie,Tongli,22254
673,Akim,Pinheiro,88863
426,Ottilie,Bao’an,45314
866,Hillary,Pueblo Nuevo,70212
208,Sharline,Boucinha,24527
798,Maegan,Kitāf,91546
800,Patten,Sedlice,71263
639,Jedd,Pangawaren,55856
892,Eben,Pedro Carbo,15478
695,Poppy,Nanfeng,93461
538,Mureil,Nieuw Nickerie,19266
640,Tammy,Huquan,59113
956,Keith,Stare Kurowo,63302
858,Guthrie,Mwembe,12659
314,Elsinore,Baruny,61304
147,Kendrick,Kuchinarai,29725
204,Myrilla,Haoping,61406
279,Langsdon,Paranho,46915
193,Alister,La Falda,74267
735,Meredith,Pudong,20768
61,Minne,Fershampenuaz,95503
114,Harrison,Hengshui,66714
678,Barbe,Radocza,28054
31,Orelee,Troyes,11542
291,Lolita,Rehoboth,87050
718,Jami,Bhakkar,27237
974,Caroljean,Yuelai,69757
270,Katlin,Estrada,60476
172,Tonnie,Larochette,74394
255,Romeo,Shakhty,91316
391,Melany,Rio Brilhante,14203
687,Antonina,Ras al-Khaimah,36046
376,Gerardo,Guayabal,53063
24,Gamaliel,Ipoh,81554
559,Amabel,Thị Trấn Sìn Hồ,65870
613,Constance,Kawage,39449
749,Merle,Mīr Bachah Kōṯ,59159
274,Debee,Marvdasht,78547
581,Bobina,Xuebu,80080
887,Ardelle,Černelavci,97653
298,Sarina,Gagarin,10638
134,Norina,Al Majāridah,64424
518,Nicole,Pingyin,35290
465,Gan,Machalí,84759
19,Mara,Putre,38066
383,Bondie,Baoshan,60183
62,Garfield,Mstów,95596
34,Patrizius,Calimete,85063
493,Addia,Hammam-Lif,17812
529,Dorette,Uppsala,27586
355,Emlyn,Yuewan,68315
790,Hephzibah,Cikuya,35948
77,Reyna,Leping,76311
806,Ronda,Karagandy,44216
508,Rosalynd,Akashi,62570
685,Artair,Quelimane,81677
13,Joelle,Aso,83332
372,Maxie,Albany,86870
420,Fionna,Longxi,67727
981,Parry,Klenovyy,94884
281,Cal,Thị Trấn Cao Phong,37588
191,Fanni,Myitkyina,14720
82,Emiline,Nabeul,66569
891,Marlane,Shikeng,24899
669,Dotty,Rathwire,96921
450,Zarla,Itapemirim,37576
846,Johan,Urukh,75769
24,Allsun,Ágios Pétros,57174
103,Elnar,Mandeni,57866
734,Yale,Mucllo,26317
19,Cchaddie,Buga,30035
163,Jaquelin,Hidalgo,33998
955,Lani,Fudian,84524
730,Winnah,Guantun,21397
750,Chelsie,Orangeville,19050
529,Juliette,Widorokandang,39024
179,Lacie,Pulaupanggung,31123
230,Maryann,São Manços,65476
140,Amalle,Jalpatagua,77061
473,Zia,Llipa,11033
882,Gaultiero,Kankara,59015
82,Tish,Lycksele,99624
717,Mirilla,Chivhu,67252
968,Sunny,Cuenca,16301
20,Tessi,Pemberton,75779
143,Tobin,Sedandang,31897
464,Mae,Warungbanten,25163
168,Tomkin,Tangier,29397
786,Verile,Tokyo,75123
853,Amitie,Sirghāyā,39308
404,Cornall,Taramana,12238
217,Aland,Caramay,47999
984,Karlis,Rejasa Kaja,57971
378,Jennie,Sovetskaya,28866
215,Pavel,Buđanovci,66825
223,Laverne,Carrascal,29711
859,Gert,Leksand,64789
413,Maryanna,Strunino,13041
83,Cross,Stryszów,26801
825,Russ,Fort Portal,55038
623,Ariella,Yantan,72141
655,Mickie,Chengbei,44287
397,Barri,Pai do Vento,69636
162,Iago,Beishan,46122
631,Edwin,Severomorsk,89532
416,Pinchas,Bayog,59101
475,Letizia,Sungaikakap,48028
24,Alexandro,Pakisaji,27078
167,Dolly,Pulau Pinang,22756
301,Andrea,Taizhou,32772
631,Dulcinea,Pasanggrahan,21939
320,Lefty,Kiangan,21401
796,Danny,Baturaja,77323
843,Maurie,Miechów Charsznica,77668
627,Gwennie,Mohelno,85713
285,Stewart,Rubik,88545
511,Putnem,Notsé,51035
759,Ignazio,Katuli,18638
98,Cristian,Yuefeng,63006
72,Arley,Kouzhen,34066
636,Shayna,Arlington,19533
840,Cory,Pyapon,62553
43,Hollyanne,Pedroso,16379
410,Kort,Gualmatán,82492
805,Martie,Kawahmanuk,40694
619,Garrard,Gapyeong,52529
317,Maryjo,Tsaghkunk’,41663
7,Diannne,Samut Prakan,76676
330,Meris,Manaulanan,62469
706,Trisha,Banjar Peguyangan,16171
425,Rubina,Chadian,40567
899,Julieta,Bontang,93432
591,Tommi,Saray,36209
16,Hubey,Gareba,30149
582,Kimmie,Artur Nogueira,83107
572,Rayner,Acton Vale,65088
718,Amby,Surgut,80219
457,Auberta,Narukan,32587
673,Waldo,Longtang,91862
217,Stephani,Châtillon,84270
401,Zechariah,Potęgowo,20824
239,Ethelind,Belén de Umbría,87494
809,Dewie,Karlovy Vary,47365
732,Dewain,Lanjaghbyur,55249
151,Filia,La Azulita,56643
871,Daffi,Otofuke,22217
405,Hyacinthie,El Estor,61091
16,Claiborn,Tõrva,68441
986,Herman,Mgandu,28929
308,Daveen,Slavyansk-na-Kubani,82308
984,Godard,Calingcuan,94659
335,Ingrid,Gustavsberg,34853
339,Coriss,Figueira,41181
590,Luke,Witkowo,44682
858,Katrinka,Abū Tīj,99754
360,Bernadette,Dazaifu,15064
243,Mickey,Brikama Nding,88492
960,Tabor,Katrineholm,21519
750,Carolina,Grajaú,58573
266,Alano,Shanshi,46310
489,Scarlett,Berlin,65877
693,Bernardine,Marseille,68024
86,Heida,Tanjiaqiao,42687
150,Hewe,Pelileo,64618
309,Darrelle,Huili Chengguanzhen,73873
938,Alla,Gafanha de Aquém,15504
707,Ronna,Jacksonville,18748
152,Sande,Baganga,30063
521,Aylmar,Barlinek,18920
33,Lucius,Peoria,35536
471,Jerrylee,Pérama,63459
589,Theodoric,Laventille,90214
12,Andrus,Donghe,60565
156,Vonny,Domaniewice,72083
205,Kelsy,Stepnica,29658
562,Salomo,Magalalag,25133
761,Malinde,Lianxia,85003
197,Garwin,Ji’an,87971
626,Edouard,Los Boquerones,16873
461,Kaitlyn,Dongning,97336
335,Karole,Housuo,77840
294,Cecilia,Mashava,19864
48,Fin,São Pedro,37572
524,Sander,Chorotis,44943
485,Gabbey,Tongbang,95378
386,Toddy,Musanze,89036
48,Stanwood,Huangling,30341
383,Enriqueta,Zhoutie,29502
325,Laughton,Sitampiky,52931
549,Pandora,Tawau,88294
486,Judy,San Isidro,25489
150,Jacquenette,Dzerzhinskiy,16568
841,Linnet,Lukićevo,64326
261,Marleen,Moengo,47112
712,Roscoe,Chernivtsi,13781
722,Neddy,Dengfeng,26340
758,Verne,Kurovskoye,59347
880,Hasheem,Lebak,63185
400,Brien,Skoura,22662
662,Carmelia,Invermere,59448
487,Udale,Bodzentyn,23354
347,Karlee,Fengsheng,94806
364,Hester,Frankfurt am Main,68883
759,Trenton,Cortiçóis,37971
967,Linell,Xialu,42278
529,Guenevere,Zhengcun,36007
658,Bertrand,Giesteira,18078
308,Katha,Ombarade,35761
869,Nettie,Yunzhong,99884
86,Natasha,Inicbulan,21005
94,Temple,Wassu,85379
222,Dalenna,Horní Čermná,80224
22,Luigi,Strängnäs,25131
256,Herold,Camiling,14122
661,Constantino,Petrozavodsk,33128
430,Jean,Duyure,93457
162,Marmaduke,Óbidos,22477
390,Lawton,Ansongo,99163
125,Zsazsa,Megulung,68691
365,Eugene,Bayanbulag,26840
270,Barbra,Ngudu,66635
779,Vinita,Hispania,27159
42,Jamesy,Paris 19,76393
859,Danny,Calimete,22977
529,Norina,Dulovo,57824
291,Kania,Rostov-na-Donu,60993
304,Arturo,Kashiwa,33703
686,Valerie,Vila Nova de Gaia,61763
837,Arden,Chafé,18066
529,Maurice,Shiḩan as Suflá,96183
6,Virgie,Tiechanggou,64202
729,Gerrard,Borogontsy,16735
116,Karlyn,Cát Bà,14074
254,Araldo,Santa Cruz,37030
65,Emlynne,Xin’an,25038
659,Sibelle,Sandia,66748
647,Casey,Merton,50405
883,Ingeberg,Hitoyoshi,93648
952,Clementia,Saint-Pierre,38240
767,Julie,Jirjā,81234
999,Olag,Auray,49996
977,Renault,Kebon,55450
927,Beckie,Kungsbacka,73746
734,Hanan,Hengli,52003
101,Wileen,Kodamachō-kodamaminami,50955
724,Corbie,Gorbatovka,55131
262,Godwin,Xiali,33931
83,Darbie,Sv. Ana v Slov. Goricah,33788
1,Delila,Waterbury,92383
158,Lucius,Mirzāpur,57833
745,Stephani,Leskovac,87622
246,Bourke,Nankou,43701
826,Regen,Ugac Sur,56936
26,Win,As Samawah,91218
610,Fay,Raminho,40893
56,Dion,Fengle,67146
638,Bertrand,Dadong,66512
123,Meta,Wakema,42102
15,Jocko,Kalunan,93877
965,Jesus,Maogou,46375
402,Ramsey,Boksitogorsk,53503
468,Coral,Kamina,43885
709,Barn,Wanzhai,99200
102,Frederico,Feondari,31237
33,Rodolph,Volksrust,14924
920,Caritta,Macau,77354
461,Leeann,Malgobek,62791
326,Carlen,Changgou,16821
881,Sam,Krayen,36656
6,Antoine,Moju,34420
682,Daisey,Point Hill,89828
682,Yetty,Sines,17636
520,Amber,Lelystad,40256
657,Fax,Bireun,83959
829,Kaycee,Chaguaní,15955
341,Joelly,Vänersborg,34600
543,Myrtie,Dengzhou,69539
269,Betteanne,Okaya,40748
616,Marie-ann,San Teodoro,59924
86,Travis,Tangguhang,53424
179,Johnna,Barbalha,13341
940,Melita,Arcos,17037
865,Conchita,Colorado Springs,57703
292,Byrom,Borkowice,80050
801,Paddy,Zhongfang,58432
636,Kerrie,Gjegjan,50593
820,Georgiana,Qixia,98858
962,Stefan,Yuxi,17893
590,Dukie,Ikey,26404
609,Ryley,Pagarbatu,72736
458,Korie,Contramaestre,94450
763,Des,Waldbredimus,28946
133,Pattie,Kafr ash Shaykh,90626
43,Jordan,Gradec,82960
888,Oralle,Akzhal,74999
475,Jamal,Bayuwan,46407
231,Vince,Dakoutun,73068
817,Scotti,Maia,28239
162,Jermayne,Cigeulis,25759
626,Margi,Parchowo,76690
408,Lisbeth,Tamahú,24196
390,Krystle,Cabañas,93274
183,Buiron,Pointe-à-Pitre,88120
142,Samson,Grigiškės,45543
312,Nadia,Hitura,79678
27,Etienne,Wangshi,54940
200,Florry,Anjia,68738
942,Walther,Cijoho,38405
423,Beale,Jembayan Hitam,71309
721,Aurie,Guadalupe,81151
301,Lurleen,Egvekinot,69007
780,Carolin,Salgar,74489
828,Janessa,Hukou,67345
297,Charlotta,Dongming Chengguanzhen,82892
89,Crissy,Mainit,37855
884,Berri,Sukumo,51998
873,Coleman,Nha Trang,15061
313,Brook,Yunxi,94450
636,Corrie,Amirabad,73350
688,Allsun,Złotoryja,79277
827,Erek,Cimanggu,17244
4,Sarita,Kwale,65778
950,Roberto,Zhoukou,47817
415,Conny,Verdizela,38520
71,Nicoline,Paracatu,93807
92,Keenan,Zhangcheng,47356
344,Zsa zsa,Vykhino-Zhulebino,54608
635,Odey,Richmond,55330
733,Kienan,Bei’an,91542
992,Julissa,Spassk-Dal’niy,50214
145,Odey,Guluoshan,57654
110,Flory,Dopang,42306
743,Mitch,Xianghu,46191
184,Candy,Quimper,90653
131,Emmit,Longmen,28476
949,Gail,Oslo,42437
86,Renaud,Gunungtua,44045
163,Fonzie,Manas,96905
446,Seymour,São Martinho do Campo,28959
269,Saunderson,Talalora,23667
213,Ivie,Port Antonio,81690
809,Chuck,Gal’bshtadt,22190
798,Yasmin,Yueyang,11041
907,Niles,Nova Petrópolis,83759
573,Siobhan,Zemio,63518
434,Rhetta,Dungkek Laok,87410
850,Pattie,Phon Charoen,19273
516,Alonzo,Chulakivka,90624
822,Chan,Namerikawa,15443
549,Andria,Češinovo,66738
770,Joana,Nakhon Pathom,43807
495,Hort,Bitica,58752
49,Ara,Kisarazu,33066
142,Elisabetta,Kaduseeng,75035
243,Deana,Shanxiahu,47725
207,Gottfried,Ōyama,69392
37,D'arcy,Garden Grove,62367
919,Caprice,Kegeyli Shahar,14741
563,Ashley,Waitun,61773
433,Melosa,Burgas,20792
488,Crystie,Mamu,80722
704,Ruthe,Balazar,63949
22,Dalis,Lérida,75018
289,Eli,Tejen,28861
920,Augustin,Pepayan,35718
516,Alexandros,Monaghan,23087
295,Torey,Zhaike,21691
888,Wally,Tushi,24208
676,Aimil,Netishyn,77576
329,Kacey,Paulista,86374
622,Monique,Emiliano Zapata,26080
386,Shaylyn,Camaçari,70054
427,Lori,Bueng Sam Phan,73484
506,Isador,Okakarara,19724
572,Otes,Xinjiezi,69147
104,Carey,Ciudad Bolívar,16625
333,Casey,Khān Yūnis,93087
652,Mikael,Liushun,73150
722,Cesare,Ugljan,88554
410,Carlie,Timiryazevo,49405
382,Spencer,Naawan,24773
467,Filippa,Borås,11110
619,Elie,Xiangyun,10234
947,Esdras,Boroko,87943
404,Leo,Lafayette,59935
912,Aurelea,Gobō,81876
463,Raymund,Dolní Bečva,82835
639,Kelcey,Svilengrad,29640
634,Madelene,Fangfan,11875
75,Shoshana,Hénin-Beaumont,71713
30,Malinda,Hengjiang,10295
193,Barrett,Houston,54059
550,Lucais,Vista Hermosa,63791
77,Cooper,Higetegera,89205
325,Collette,Aimorés,93695
177,Tedda,Naikolan,96745
28,Rhodie,Coaldale,21665
918,Bianka,Chełm,71194
33,Gardener,Białogard,46381
835,Jane,Cilongkrang,92089
827,Packston,Manay,41778
285,Greg,Sarankhola,39704
604,Baxie,Banjar Brahmanabukit,67791
513,Marti,Redcliff,40757
361,Creigh,Ardino,79537
979,Granthem,Mercedes,51960
145,Des,Sundbyberg,61981
432,Beitris,Kotabaru,22874
801,Andriette,Kaniów,90609
161,Ursola,Cuihuangkou,30586
865,Natalee,Velyki Mezhyrichi,63833
563,Babita,Kanazawa-shi,21758
4,Nadiya,Citeureup,74534
301,Reube,Ragay,22283
142,Paul,Buayan,15433
602,Kira,Pundong,98642
678,Lezley,Jampang Kulon,34350
78,Crin,Jinjiang,67509
912,Sandro,Krajan,90832
944,Elianora,Julita,83805
575,Phylis,Quito,75716
153,Mohammed,Bang Lamung,42754
622,Julie,São Miguel de Machede,89046
192,Bettina,Cernache do Bonjardim,93093
127,Sam,Salvacion,98160
700,Aida,Huangxikou,17479
418,Kelsi,Rezovac,18875
44,Kitti,Ziguinchor,54343
522,Angelina,Torre,60199
781,Genevra,Linmansangan,31605
706,Faunie,Krouna,94386
769,Killian,Santa Rita do Passa Quatro,87838
45,Wallas,Yongyang,81618
380,Drucill,Gif-sur-Yvette,42742
987,Rutter,Tonghong,58116
317,Leonie,San Juan de los Morros,80632
4,Ephrayim,Norton,32345
733,Sibelle,Watubura,43569
985,Jodie,Caluquembe,88562
178,Krishnah,Mali Iđoš,21635
758,Nicolis,Marseille,53708
568,Josi,San Marcos,27112
70,Arabelle,Marugame,16779
535,Shepperd,Hengshanqiao,29414
589,Deidre,Sakule,65576
804,Tanner,Viana,95142
712,Cherry,Curug,42812
252,Abigail,Karakol,56903
862,Gill,Djibouti,51907
830,Gunar,Tangwang,36400
800,Dave,Toshkivka,50302
91,Holly,Bejuco,99317
820,Ivor,Krajan Sidodadi,62593
262,Gardiner,Lughaye,79322
995,Kettie,Thiès Nones,63130
114,Beryle,Tarqūmyā,90905
600,Jacqueline,Vardablur,24181
824,Libbey,Al Qurayn,87064
400,Gretchen,Gamping Lor,88508
474,Dottie,Zhichu,32007
668,Johnathan,Guling,32243
992,Verney,Tysmenychany,57518
466,Sammie,Cristalina,39889
944,Krissy,Santa Fe,20646
553,Cornelius,Fengchan,35211
784,Aldon,Olímpia,75284
484,Stephan,Lubbock,53222
466,Maridel,Mulyadadi,59718
283,Bellina,Manyava,51688
450,Ailis,Kadurahayu,19132
202,Bev,Cannes,22182
234,Fernanda,Yishi,27697
916,Morganica,Esmeraldas,79693
392,Enoch,Palmito,82507
406,Melva,Weichanglu,51473
370,Emogene,Vrané nad Vltavou,41785
752,Norah,Dashahe,97482
22,Prent,Tangchijie,51334
541,Jilly,Barrio San Luis,46590
631,Cris,Florida,59740
197,Theodosia,Strzelce Krajeńskie,91185
853,Waylin,Campo Maior,33673
771,Dulce,Rio Bonito,27995
668,Boycie,Kham Sakae Saeng,29077
986,Brigid,Strawczyn,73460
895,Markos,Polovinnoye,81038
34,Lindi,Tlumach,52638
567,Von,Descalvado,48924
326,Zach,Garupá,52806
59,Allison,Ube,35529
793,Shena,Yatunpu,35562
807,Cally,Turinsk,61753
933,Georgena,Tembang,50530
473,Phillida,Cholet,81684
582,Sebastiano,Patos Fshat,67821
587,Jenelle,Balangonan,17591
739,Blanca,Kostyantynivka,73881
493,Silvio,Melfort,78851
443,Amanda,Sukaharja,68462
978,Maitilde,Ciudad Choluteca,38168
874,Sophia,Enzan,78085
658,Clarke,Dinājpur,17971
978,Winny,Dashiju,76343
106,Marrilee,Muhos,18735
682,Paula,Sevilla,68409
408,Godiva,Wanmingang,47763
660,Lev,Liverpool,58823
748,Danit,Anmore,28841
131,Jacynth,Cheongpyeong,73246
217,Minnie,Yihe,98035
982,Bobbie,Ar Rābiyah,24423
558,Albrecht,Tielou,87209
807,Gerianne,Los Frentones,72125
326,Adelind,Lorino,99711
265,Jamison,San Nicolas,26190
882,Robinson,Yotsukaidō,78562
138,Jolee,Barat,95758
380,Mortimer,Burgaltay,28303
849,Jodie,Cabeço,35261
558,Betti,Bacnar,98221
562,Erma,Podwilk,51514
176,Lexine,Karajeun,36661
103,Stephine,Pingshan,64859
897,Avery,Huanggang,38418
